{
  "n": 50,
  "edges": [
    [
      0,
      4,
      0.9570222286174591
    ],
    [
      0,
      9,
      0.5119604803649617
    ],
    [
      0,
      11,
      1.4610378087873193
    ],
    [
      0,
      27,
      1.4922298199944732
    ],
    [
      0,
      33,
      0.7439180445493939
    ],
    [
      0,
      45,
      1.3908632793209663
    ],
    [
      1,
      10,
      0.6770652190728731
    ],
    [
      1,
      17,
      0.7889601533042641
    ],
    [
      1,
      19,
      0.8306436201861696
    ],
    [
      1,
      21,
      1.4171603405655269
    ],
    [
      1,
      31,
      0.821904154569354
    ],
    [
      1,
      37,
      1.0682416357026066
    ],
    [
      1,
      47,
      0.7227649703209207
    ],
    [
      2,
      4,
      1.4375520855974293
    ],
    [
      2,
      9,
      1.0493102051665333
    ],
    [
      2,
      32,
      0.9601510773552934
    ],
    [
      2,
      40,
      0.6423325133841328
    ],
    [
      2,
      45,
      0.516081214653347
    ],
    [
      3,
      7,
      0.5988562836076264
    ],
    [
      3,
      29,
      0.8283479954880542
    ],
    [
      4,
      7,
      0.8955256059755399
    ],
    [
      4,
      12,
      0.8366241146197133
    ],
    [
      4,
      20,
      1.0567938358422353
    ],
    [
      4,
      34,
      0.7530162172049788
    ],
    [
      4,
      38,
      1.3283621277260504
    ],
    [
      4,
      42,
      0.9611273565006273
    ],
    [
      4,
      49,
      0.9344989702651507
    ],
    [
      5,
      13,
      0.7451358484675027
    ],
    [
      5,
      14,
      0.5742268848871409
    ],
    [
      5,
      25,
      0.5194066779267524
    ],
    [
      5,
      29,
      0.6928795283178053
    ],
    [
      5,
      32,
      1.2448242639062983
    ],
    [
      5,
      36,
      1.3813099113482306
    ],
    [
      5,
      48,
      1.2467487148816578
    ],
    [
      6,
      11,
      1.4689966316728378
    ],
    [
      6,
      16,
      1.1419801895138761
    ],
    [
      6,
      19,
      1.1818298261337516
    ],
    [
      6,
      21,
      1.45292393117047
    ],
    [
      6,
      24,
      1.1892817548218373
    ],
    [
      6,
      34,
      1.1478907732870174
    ],
    [
      6,
      39,
      1.1128851551592547
    ],
    [
      6,
      44,
      1.325458530761641
    ],
    [
      6,
      46,
      1.1379693282390875
    ],
    [
      6,
      47,
      0.9448308445151967
    ],
    [
      7,
      11,
      0.6005417164649213
    ],
    [
      7,
      16,
      1.151103354676418
    ],
    [
      8,
      12,
      0.898853629687534
    ],
    [
      8,
      17,
      0.9915142358493791
    ],
    [
      9,
      16,
      1.0461796467532822
    ],
    [
      9,
      17,
      1.4531693933422605
    ],
    [
      9,
      20,
      0.6252527830948245
    ],
    [
      9,
      22,
      0.8371845051499979
    ],
    [
      9,
      27,
      0.9557400141972443
    ],
    [
      9,
      28,
      0.8401562830759577
    ],
    [
      9,
      38,
      1.3843596654209214
    ],
    [
      10,
      14,
      0.8086951522409671
    ],
    [
      10,
      20,
      1.3475335791817713
    ],
    [
      10,
      28,
      1.013001850459958
    ],
    [
      10,
      41,
      0.8768240777721685
    ],
    [
      10,
      47,
      1.1964452608247393
    ],
    [
      11,
      19,
      1.3508054129431968
    ],
    [
      11,
      28,
      1.286573457249108
    ],
    [
      11,
      32,
      1.0508570267238788
    ],
    [
      11,
      37,
      0.685322717340971
    ],
    [
      11,
      40,
      0.8522284306474561
    ],
    [
      11,
      49,
      0.8880781108485717
    ],
    [
      12,
      16,
      1.2511312071585867
    ],
    [
      12,
      17,
      1.3869171789584023
    ],
    [
      12,
      44,
      1.0226426165370834
    ],
    [
      13,
      15,
      1.2885149516604177
    ],
    [
      13,
      16,
      1.0141075429306616
    ],
    [
      13,
      23,
      0.555891264941518
    ],
    [
      13,
      38,
      0.8150840227760104
    ],
    [
      13,
      39,
      1.2852979851386737
    ],
    [
      14,
      30,
      0.5769727132462368
    ],
    [
      14,
      31,
      1.129619665590492
    ],
    [
      14,
      39,
      0.5168311819473355
    ],
    [
      14,
      44,
      0.6761969954651308
    ],
    [
      14,
      45,
      1.3099306677025582
    ],
    [
      15,
      43,
      1.2872573297441139
    ],
    [
      15,
      44,
      0.5049265031714287
    ],
    [
      15,
      45,
      1.248600224207295
    ],
    [
      16,
      19,
      0.7399193824361823
    ],
    [
      16,
      21,
      1.0818579836240638
    ],
    [
      16,
      22,
      0.6089046516243612
    ],
    [
      16,
      29,
      0.7556327763608733
    ],
    [
      16,
      34,
      1.0763662782442678
    ],
    [
      17,
      20,
      0.8853628231178416
    ],
    [
      17,
      22,
      1.2625459986185996
    ],
    [
      17,
      28,
      0.5610623008248076
    ],
    [
      17,
      44,
      0.7377172643872251
    ],
    [
      17,
      47,
      1.3527230315033167
    ],
    [
      18,
      22,
      0.6387347176528384
    ],
    [
      18,
      27,
      0.6991398130075865
    ],
    [
      18,
      30,
      0.5543275056533347
    ],
    [
      18,
      31,
      1.1418272279300323
    ],
    [
      18,
      34,
      0.7011363534725124
    ],
    [
      18,
      37,
      1.3568557875363285
    ],
    [
      19,
      28,
      1.406941959379926
    ],
    [
      19,
      29,
      0.5153876140283857
    ],
    [
      19,
      35,
      0.5306827589009615
    ],
    [
      19,
      37,
      0.7904995850498089
    ],
    [
      19,
      40,
      1.1006914800034582
    ],
    [
      19,
      47,
      0.7857827482013457
    ],
    [
      20,
      23,
      1.1282934168419554
    ],
    [
      20,
      24,
      0.5374290670821045
    ],
    [
      20,
      27,
      0.7370331155222452
    ],
    [
      20,
      29,
      1.2853910966742297
    ],
    [
      20,
      32,
      1.4290697963277506
    ],
    [
      20,
      42,
      0.6980720765884202
    ],
    [
      20,
      45,
      1.269952184932761
    ],
    [
      20,
      47,
      1.4787930133703149
    ],
    [
      21,
      22,
      1.394154139769765
    ],
    [
      21,
      28,
      0.9388713877272958
    ],
    [
      21,
      40,
      1.3366212909660817
    ],
    [
      21,
      42,
      0.7557362744714451
    ],
    [
      21,
      47,
      1.1322650931850693
    ],
    [
      22,
      33,
      0.6058980187182077
    ],
    [
      22,
      35,
      1.0361655192766723
    ],
    [
      22,
      37,
      0.9435083666917654
    ],
    [
      22,
      41,
      1.3284362495943056
    ],
    [
      22,
      46,
      0.9277550136735093
    ],
    [
      23,
      27,
      0.6717266496670727
    ],
    [
      23,
      37,
      1.3687802522603376
    ],
    [
      23,
      47,
      1.159698722339165
    ],
    [
      24,
      34,
      1.1232384251484737
    ],
    [
      24,
      44,
      1.0323437812114935
    ],
    [
      25,
      33,
      0.7223753671213927
    ],
    [
      25,
      41,
      0.6258250437969866
    ],
    [
      25,
      45,
      1.1025049301335832
    ],
    [
      26,
      28,
      1.2007377971198265
    ],
    [
      26,
      30,
      1.4533498044948443
    ],
    [
      26,
      34,
      1.330045659288309
    ],
    [
      27,
      31,
      0.5811259111112742
    ],
    [
      27,
      42,
      1.1775091469002676
    ],
    [
      28,
      37,
      0.528130015597709
    ],
    [
      29,
      32,
      1.2301472806674771
    ],
    [
      29,
      33,
      0.8649770932656193
    ],
    [
      29,
      40,
