{
  "n": 100,
  "terms": [
    [
      0,
      0,
      -1.6133547997133235
    ],
    [
      1,
      1,
      -0.12342266182494877
    ],
    [
      2,
      2,
      -1.5227312705299658
    ],
    [
      3,
      3,
      -0.1692094318962678
    ],
    [
      4,
      4,
      -1.67051296952891
    ],
    [
      5,
      5,
      -1.0182363966056696
    ],
    [
      6,
      6,
      -1.5218448558640305
    ],
    [
      7,
      7,
      -0.2656253823697625
    ],
    [
      8,
      8,
      -1.1351601064985526
    ],
    [
      9,
      9,
      -0.8599051173915866
    ],
    [
      10,
      10,
      -0.029926458846294857
    ],
    [
      11,
      11,
      -1.1858825732920977
    ],
    [
      12,
      12,
      -1.8862717076871245
    ],
    [
      13,
      13,
      -0.8450415178306963
    ],
    [
      14,
      14,
      -0.16392056461514914
    ],
    [
      15,
      15,
      -0.9545955455290609
    ],
    [
      16,
      16,
      -0.9483807019303507
    ],
    [
      17,
      17,
      -0.22648545918671537
    ],
    [
      18,
      18,
      -0.417074751671654
    ],
    [
      19,
      19,
      -1.7673671999404597
    ],
    [
      20,
      20,
      -0.2713494110552941
    ],
    [
      21,
      21,
      -1.4303649327322758
    ],
    [
      22,
      22,
      -1.3018101563914237
    ],
    [
      23,
      23,
      -0.8114287957575705
    ],
    [
      24,
      24,
      -0.8059453188455536
    ],
    [
      25,
      25,
      -1.0505637342693666
    ],
    [
      26,
      26,
      -1.625907459209186
    ],
    [
      27,
      27,
      -0.8329547915684419
    ],
    [
      28,
      28,
      -0.017059969719746215
    ],
    [
      29,
      29,
      -0.6018427793406516
    ],
    [
      30,
      30,
      -1.0834520540860137
    ],
    [
      31,
      31,
      -1.586455486618554
    ],
    [
      32,
      32,
      -1.3547070574375586
    ],
    [
      33,
      33,
      -0.4288367783717897
    ],
    [
      34,
      34,
      -1.8193626300942531
    ],
    [
      35,
      35,
      -0.8696696047833352
    ],
    [
      36,
      36,
      -0.044539850681214466
    ],
    [
      37,
      37,
      -1.6106480908604917
    ],
    [
      38,
      38,
      -0.24872090952673953
    ],
    [
      39,
      39,
      -1.0076809667534383
    ],
    [
      40,
      40,
      -1.656903420960741
    ],
    [
      41,
      41,
      -1.2598477251035738
    ],
    [
      42,
      42,
      -1.7666386658713777
    ],
    [
      43,
      43,
      -1.2805215258338771
    ],
    [
      44,
      44,
      -1.2601797695411787
    ],
    [
      45,
      45,
      -1.1025990990695076
    ],
    [
      46,
      46,
      -0.425037304969746
    ],
    [
      47,
      47,
      -1.0924854802648736
    ],
    [
      48,
      48,
      -1.2281247361628629
    ],
    [
      49,
      49,
      -0.7600555170234422
    ],
    [
      50,
      50,
      -0.8071009155379378
    ],
    [
      51,
      51,
      -1.5563946844908396
    ],
    [
      52,
      52,
      -1.7788922730318486
    ],
    [
      53,
      53,
      -1.581066931500348
    ],
    [
      54,
      54,
      -1.8720102081708634
    ],
    [
      55,
      55,
      -0.4717331217768912
    ],
    [
      56,
      56,
      -0.9323191859136148
    ],
    [
      57,
      57,
      -0.6668457125003555
    ],
    [
      58,
      58,
      -1.3336962455263586
    ],
    [
      59,
      59,
      -1.8260199925457175
    ],
    [
      60,
      60,
      -0.6736511780586212
    ],
    [
      61,
      61,
      -1.7993304351808808
    ],
    [
      62,
      62,
      -0.09087821657091344
    ],
    [
      63,
      63,
      -0.3292740840300159
    ],
    [
      64,
      64,
      -1.4481846646983607
    ],
    [
      65,
      65,
      -1.7114560822284446
    ],
    [
      66,
      66,
      -1.261804001699622
    ],
    [
      67,
      67,
      -0.21767453435288608
    ],
    [
      68,
      68,
      -0.11444282348138346
    ],
    [
      69,
      69,
      -1.7156064141810887
    ],
    [
      70,
      70,
      -1.484419423966766
    ],
    [
      71,
      71,
      -0.982982477867739
    ],
    [
      72,
      72,
      -0.07053560672107517
    ],
    [
      73,
      73,
      -0.01431640470733786
    ],
    [
      74,
      74,
      -0.23053059918585483
    ],
    [
      75,
      75,
      -0.07573611663555169
    ],
    [
      76,
      76,
      -0.164375428614294
    ],
    [
      77,
      77,
      -0.06050538831867858
    ],
    [
      78,
      78,
      -0.6568630320618076
    ],
    [
      79,
      79,
      -1.8933182740335628
    ],
    [
      80,
      80,
      -0.6093058662045063
    ],
    [
      81,
      81,
      -0.5819086056626188
    ],
    [
      82,
      82,
      -0.8213551344399701
    ],
    [
      83,
      83,
      -0.7407738218877404
    ],
    [
      84,
      84,
      -1.956427417219716
    ],
    [
      85,
      85,
      -0.16005817897619168
    ],
    [
      86,
      86,
      -1.6910151512573974
    ],
    [
      87,
      87,
      -1.8819103780858941
    ],
    [
      88,
      88,
      -1.2234402027035691
    ],
    [
      89,
      89,
      -0.05682317029145145
    ],
    [
      90,
      90,
      -0.5180954762078112
    ],
    [
      91,
      91,
      -0.3017611420484634
    ],
    [
      92,
      92,
      -0.7624806018458867
    ],
    [
      93,
      93,
      -0.8135374646665383
    ],
    [
      94,
      94,
      -0.6851550919667713
    ],
    [
      95,
      95,
      -1.241902538864385
    ],
    [
      96,
      96,
      -1.598674483969499
    ],
    [
      97,
      97,
      -1.9573653759335552
    ],
    [
      98,
      98,
      -1.5087138944092937
    ],
    [
      99,
      99,
      -1.0760998169603058
    ],
    [
      0,
      23,
      -0.3910325701327604
    ],
    [
      0,
      35,
      -1.0857874362463567
    ],
    [
      0,
      51,
      -0.3294014172464146
    ],
    [
      0,
      54,
      -0.7448862844018467
    ],
    [
      0,
      55,
      -1.457802408714267
    ],
    [
      0,
      77,
      -0.34415092327262986
    ],
    [
      0,
      80,
      -1.3247442961029579
    ],
    [
      0,
      98,
      -1.3326514962438147
    ],
    [
      1,
      50,
      -1.9062947742422798
    ],
    [
      2,
      16,
      -0.3041552222110693
    ],
    [
      2,
      28,
      -1.046888302324081
    ],
    [
      2,
      35,
      -1.6599520453391485
    ],
    [
      2,
      94,
      -0.28729220905511
    ],
    [
      3,
      35,
      -1.9297229242347467
    ],
    [
      3,
      58,
      -0.5911229445112689
    ],
    [
      3,
      63,
      -1.9260980873196614
    ],
    [
      3,
      69,
      -1.6552470977546756
    ],
    [
      4,
      16,
      -0.6019849392124417
    ],
    [
      4,
      17,
      -0.47830071032007715
    ],
    [
      4,
      26,
      -1.560877416180651
    ],
    [
      4,
      67,
      -1.919750020354928
    ],
    [
      4,
      81,
      -1.0456826647384285
    ],
    [
      5,
      90,
      -1.432557393664624
    ],
    [
      6,
      22,
      -1.222322081965935
    ],
    [
      6,
      40,
      -0.694007517931519
    ],
    [
      6,
      48,
      -0.8010930337014359
    ],
    [
      6,
      71,
      -1.704336736282412
    ],
    [
      7,
      8,
      -0.4565461297651161
    ],
    [
      7,
      13,
      -1.012150656667573
    ],
    [
      7,
      67,
      -1.1759006719048835
    ],
    [
      7,
      92,
      -0.46952171401808074
    ],
    [
      8,
      18,
      -0.7038042234964212
    ],
    [
      8,
      34,
      -0.12602972102491883
    ],
    [
      8,
      74,
      -0.0038687530914016666
    ],
    [
      9,
      11,
      -1.6870656715908705
    ],
    [
      9,
      12,
      -1.224403693160136
    ],
    [
