{
  "n": 50,
  "terms": [
    [
      0,
      0,
      -1.5999974523670966
    ],
    [
      1,
      1,
      -1.7654545595323328
    ],
    [
      2,
      2,
      -1.5386371481089474
    ],
    [
      3,
      3,
      -1.712634804126023
    ],
    [
      4,
      4,
      -1.577464401623575
    ],
    [
      5,
      5,
      -0.32734697180039873
    ],
    [
      6,
      6,
      -0.4950241335888914
    ],
    [
      7,
      7,
      -0.9451220112259318
    ],
    [
      8,
      8,
      -1.3143220011411052
    ],
    [
      9,
      9,
      -1.922151409537101
    ],
    [
      10,
      10,
      -1.6547795980364968
    ],
    [
      11,
      11,
      -1.8329028999043868
    ],
    [
      12,
      12,
      -1.8183372159996856
    ],
    [
      13,
      13,
      -1.8758618402937106
    ],
    [
      14,
      14,
      -0.979269917816685
    ],
    [
      15,
      15,
      -1.7697192192472795
    ],
    [
      16,
      16,
      -0.3404775276641543
    ],
    [
      17,
      17,
      -0.34690126831338297
    ],
    [
      18,
      18,
      -1.4698187106917189
    ],
    [
      19,
      19,
      -1.412777096362034
    ],
    [
      20,
      20,
      -1.818278923122743
    ],
    [
      21,
      21,
      -1.7438108110203898
    ],
    [
      22,
      22,
      -1.289262055719565
    ],
    [
      23,
      23,
      -0.10092356896515087
    ],
    [
      24,
      24,
      -0.6050909400463782
    ],
    [
      25,
      25,
      -0.17107416739945158
    ],
    [
      26,
      26,
      -1.8001467221882534
    ],
    [
      27,
      27,
      -0.8016319681894108
    ],
    [
      28,
      28,
      -1.4320279507506704
    ],
    [
      29,
      29,
      -1.9022039514738611
    ],
    [
      30,
      30,
      -1.2786468871120937
    ],
    [
      31,
      31,
      -1.3865922748545634
    ],
    [
      32,
      32,
      -0.9268152422566933
    ],
    [
      33,
      33,
      -1.7996037965173843
    ],
    [
      34,
      34,
      -0.6633712115379449
    ],
    [
      35,
      35,
      -0.9466557695871816
    ],
    [
      36,
      36,
      -0.40229329336487996
    ],
    [
      37,
      37,
      -0.08316162649615699
    ],
    [
      38,
      38,
      -0.3251828845416156
    ],
    [
      39,
      39,
      -0.5749288253893445
    ],
    [
      40,
      40,
      -0.9859899172992421
    ],
    [
      41,
      41,
      -0.8879069371353618
    ],
    [
      42,
      42,
      -1.7156378612191505
    ],
    [
      43,
      43,
      -0.019067260441153033
    ],
    [
      44,
      44,
      -1.0465338092871321
    ],
    [
      45,
      45,
      -0.19651045189157834
    ],
    [
      46,
      46,
      -0.3633063618008294
    ],
    [
      47,
      47,
      -0.6380975904497546
    ],
    [
      48,
      48,
      -1.0321804524939928
    ],
    [
      49,
      49,
      -1.5254892035213972
    ],
    [
      0,
      5,
      -0.05056408700779169
    ],
    [
      0,
      8,
      -1.012690338076253
    ],
    [
      0,
      41,
      -1.7048212177364204
    ],
    [
      1,
      5,
      -1.2358537118965418
    ],
    [
      1,
      33,
      -1.0482965509985331
    ],
    [
      1,
      38,
      -0.0454085613706634
    ],
    [
      3,
      17,
      -0.7624268538231094
    ],
    [
      3,
      19,
      -0.9186847859338589
    ],
    [
      3,
      22,
      -0.4866592256554074
    ],
    [
      3,
      45,
      -1.8132071438741888
    ],
    [
      4,
      8,
      -1.7630508574105452
    ],
    [
      4,
      29,
      -0.5838887557815502
    ],
    [
      4,
      39,
      -0.5433018888680501
    ],
    [
      4,
      40,
      -0.14392330268023623
    ],
    [
      5,
      38,
      -1.4447931441117063
    ],
    [
      5,
      42,
      -1.105587437075001
    ],
    [
      7,
      20,
      -0.8237113209496512
    ],
    [
      7,
      22,
      -1.4671789685886303
    ],
    [
      7,
      26,
      -1.7823292430914774
    ],
    [
      8,
      12,
      -1.9968915111378047
    ],
    [
      8,
      39,
      -0.2775739650888307
    ],
    [
      9,
      25,
      -0.03565916699256255
    ],
    [
      9,
      42,
      -0.9174211334710525
    ],
    [
      9,
      48,
      -0.3090657494750493
    ],
    [
      10,
      29,
      -0.3293482992633592
    ],
    [
      10,
      38,
      -1.9627768108534571
    ],
    [
      10,
      39,
      -1.867214796568084
    ],
    [
      10,
      46,
      -1.4499569114879605
    ],
    [
      12,
      14,
      -1.9691966227184041
    ],
    [
      12,
      16,
      -1.5004949517316406
    ],
    [
      12,
      41,
      -1.1517244505583597
    ],
    [
      13,
      18,
      -0.14229746957828704
    ],
    [
      13,
      44,
      -1.4113419869475399
    ],
    [
      14,
      29,
      -0.41868993184033076
    ],
    [
      14,
      48,
      -0.5502526644967154
    ],
    [
      15,
      37,
      -0.6898670095693942
    ],
    [
      16,
      32,
      -1.844864316248536
    ],
    [
      17,
      20,
      -0.2840174218369689
    ],
    [
      17,
      32,
      -0.3699154347111273
    ],
    [
      17,
      40,
      -1.2843117148811722
    ],
    [
      18,
      37,
      -1.846834312157434
    ],
    [
      19,
      36,
      -0.18840806702813317
    ],
    [
      20,
      25,
      -1.7117462162188595
    ],
    [
      20,
      41,
      -0.8792416273800754
    ],
    [
      20,
      43,
      -1.6500426287879335
    ],
    [
      23,
      32,
      -0.8381645630202639
    ],
    [
      24,
      25,
      -0.11976142416702618
    ],
    [
      24,
      36,
      -0.6418945110966205
    ],
    [
      25,
      41,
      -0.8795691465212891
    ],
    [
      25,
      47,
      -0.46215791452260646
    ],
    [
      26,
      30,
      -1.008514825955153
    ],
    [
      27,
      30,
      -0.9654715626885815
    ],
    [
      29,
      30,
      -1.470133654184205
    ],
    [
      29,
      36,
      -1.888720210615713
    ],
    [
      29,
      38,
      -1.6812022648940799
    ],
    [
      30,
      39,
      -1.2201791096525683
    ],
    [
      30,
      49,
      -0.21747235586342217
    ],
    [
      31,
      46,
      -1.7544863786908067
    ],
    [
      32,
      36,
      -0.22467225376159705
    ],
    [
      32,
      48,
      -1.9547867313853433
    ],
    [
      33,
      44,
      -1.413141117760246
    ],
    [
      33,
      46,
      -1.6724381297064101
    ],
    [
      33,
      48,
      -0.42718450036532807
    ],
    [
      34,
      46,
      -0.9581746959495765
    ],
    [
      35,
      47,
      -1.9008406186245477
    ],
    [
      37,
      38,
      -1.6564692709726443
    ],
    [
      37,
      39,
      -0.39614404747172816
    ],
    [
      41,
      44,
      -1.1317768625756206
    ],
    [
      41,
      45,
      -1.241502949791379
    ],
    [
      42,
      46,
      -1.2748234363447
    ]
  ]
}